epoch,step,train_loss,train_acc,train_ppl,lr,elapsed_sec,val_loss,val_acc,val_aux_label_loss,val_aux_label_acc,val_aux_symbol_loss,val_aux_symbol_acc,val_ppl,attn_entropy_mean,induction_score_mean,induction_score_baseline,prev_token_score_mean
0,157,1.7546227499008178,0.2573,5.781266347214069,0.000999948364794991,2.4379656314849854,1.6052431058883667,0.25875,1.97998037815094,0.15562499701976776,3.647892656326294,0.14031249821186065,4.979069896829423,1.9494581073522568,0.17035576421767473,0.11999999731779099,0.1478941421955824
1,314,1.4571544436454773,0.3363,4.2937240944114485,0.0009992723444451333,4.936993360519409,0.9717905116081238,0.67625,1.6167482376098632,0.4041666638851166,3.372605562210083,0.14375000178813935,2.6426719605901283,,,,
2,471,0.2048404216527939,0.95705,1.227329194170941,0.0009978140773508062,7.5009682178497314,0.01678128559142351,1.0,0.7687877535820007,0.7016666603088378,3.1372787380218505,0.1638541692495346,1.0169228823139365,,,,
3,628,0.04758827513232827,0.98795,1.0487387745893622,0.0009955758482864416,10.011317253112793,0.006786969620734453,1.0,0.7212922215461731,0.7048958396911621,2.9650962448120115,0.1902083331346512,1.006810053292227,,,,
4,785,0.03976614801734686,0.98885,1.0405674069863375,0.00099256116405032,12.49115538597107,0.005632966980338097,1.0,0.7028145241737366,0.7104166579246521,2.8374301910400392,0.2101041692495346,1.0056488619701414,,,,
5,942,0.03563561150021851,0.98905,1.0362781698369248,0.0009887747479702114,15.005262851715088,0.0031806836789473893,1.0,0.6918104243278503,0.7146874928474426,2.682207145690918,0.26062499701976777,1.003185747420577,1.5626815184950829,0.2356064054183662,0.11999999731779099,0.1926277233287692
6,1099,0.03464754117876291,0.98915,1.0352547598163322,0.0009842225325029895,17.514176845550537,0.004425338665023446,0.99875,0.67703782081604,0.7158333373069763,2.5886248111724854,0.27302083015441897,1.0044351449361943,,,,
7,1256,0.03134009795337916,0.99055,1.031836369656318,0.000978911649939816,19.999333143234253,0.004493549331091345,0.99875,0.6651780915260315,0.7214583325386047,2.5450721263885496,0.29052083134651185,1.0045036604631707,,,,
8,1413,0.0284670597165823,0.99085,1.0288761188053652,0.0009728504212314535,22.50570559501648,0.003781848233193159,0.99875,0.6580004072189332,0.7184375,2.501589241027832,0.2847916650772095,1.003789008444655,,,,
9,1570,0.027028604926913977,0.99145,1.0273971909647228,0.0009660483429512198,25.012653350830078,0.00135751576628536,1.0,0.6580397081375122,0.7157291603088379,2.458656167984009,0.29708332657814024,1.001358437607904,,,,
10,1727,0.027602595016360282,0.99215,1.027987076048162,0.0009585160724160074,27.50377869606018,0.0019187695113942027,1.0,0.6535356140136719,0.7165624904632568,2.4248875904083254,0.31114582896232607,1.0019206115275596,1.5829820334911346,0.24199890531599522,0.11999999731779099,0.20023389998823404
11,1884,0.020619146063551308,0.99385,1.0208331892537594,0.0009502654109886799,30.024121522903442,0.0011969980411231519,1.0,0.6511685156822205,0.7188541793823242,2.3951326751708986,0.31989582657814025,1.001197714729208,,,,
12,2041,0.021049854008574037,0.9935,1.021272964919552,0.0009413092855880082,32.6493194103241,0.0007778864959254861,1.0,0.6515879988670349,0.7171875023841858,2.3904056644439695,0.31364583134651186,1.0007781891280918,,,,
13,2198,0.01688966149482876,0.9953,1.0170330982222673,0.0009316617284351155,35.21103811264038,0.0009623317001387477,1.0,0.6449023652076721,0.7214583373069763,2.366905479431152,0.31916666150093076,1.000962794889858,,,,
14,2355,0.014737149251252413,0.99605,1.0148462764508919,0.0009213378550681617,37.77048683166504,0.0009774337569251655,1.0,0.647388117313385,0.7184375023841858,2.373021640777588,0.31249999642372134,1.000977911600974,,,,
15,2512,0.013866363428160548,0.99615,1.0139629473517857,0.0009103538406597187,40.24858379364014,0.0007672304264269769,1.0,0.6461940979957581,0.7163541603088379,2.358324851989746,0.3243750011920929,1.0007675248229757,1.6019310280680656,0.2429622197523713,0.11999999731779099,0.20113756647333503
16,2669,0.011630599630158394,0.9973,1.011698498031751,0.0008987268946739353,42.751230001449585,0.0006309308484196663,1.0,0.6446265435218811,0.7159375095367432,2.333418970108032,0.33312500357627867,1.0006311299271535,,,,
17,2826,0.00887391626033932,0.99775,1.0089134061788825,0.0008864752339032028,45.25277876853943,0.007230128976516426,0.99875,0.6458169507980347,0.7204166698455811,2.329097604751587,0.33135416388511657,1.0072563294652659,,,,
18,2983,0.0115512994306162,0.99635,1.0116182733199404,0.0008736180539265651,47.73883128166199,0.0004697321797721088,1.0,0.643455970287323,0.7210416722297669,2.3211835193634034,0.3340625,1.0004698425212089,,,,
19,3140,0.007145821800269186,0.99835,1.0071714141079087,0.0008601754990345918,50.24097537994385,0.0004546180600300431,1.0,0.644535059928894,0.7190625071525574,2.3148097133636476,0.3326041662693024,1.0004547214144819,,,,
20,3297,0.005623971067368984,0.999,1.0056398152811934,0.0008461686306678343,52.71570110321045,0.0005342622590251267,1.0,0.6446913743019104,0.7196875,2.2967315673828126,0.3356249952316284,1.0005344050025256,1.617328830063343,0.24331076256930828,0.11999999731779099,0.20140756806358695
21,3454,0.005619179636240005,0.9987,1.0056349968388214,0.0008316193944183166,55.35102963447571,0.0005147885531187057,1.0,0.6431335759162903,0.7209375095367432,2.3152159786224367,0.32916666388511656,1.000514921079486,,,,
22,3611,0.005910497858468443,0.9989,1.0059279993147192,0.0008165505856457607,58.0360472202301,0.0005960664851590991,1.0,0.6452551817893982,0.7161458373069763,2.2996063327789305,0.3403125011920929,1.0005962441680882,,,,
23,3768,0.0053732623971998695,0.99895,1.0053877242624576,0.0008009858137624171,60.69412446022034,0.0004926745616830885,1.0,0.6429791331291199,0.7155208277702332,2.3163039112091064,0.3343750011920929,1.0004927959457284,,,,
24,3925,0.0032201228192076086,0.9995,1.0032253129841873,0.0007849494652424607,63.36621427536011,0.0003834140847902745,1.0,0.6476385998725891,0.7165625,2.3082195949554443,0.32958332657814027,1.0003834875973654,,,,
25,4082,0.0030634558752179147,0.99955,1.0030681530514736,0.0007684666654139068,66.05106163024902,0.00035481453756801783,1.0,0.6437037873268128,0.7172916626930237,2.3066007041931154,0.34114583134651183,1.0003548774916915,1.6403476744890213,0.2362207379192114,0.11999999731779099,0.20057718129828572
26,4239,0.0030810193452984096,0.9997,1.0030857705636802,0.0007515632390929081,68.60387969017029,0.0003188151540234685,1.0,0.6479407358169555,0.7183333492279053,2.300868101119995,0.34020833611488344,1.000318865980976,,,,
27,4396,0.0030155518090818076,0.9996,1.0030201031592325,0.0007342656701221152,71.15770435333252,0.0007109700655564666,1.0,0.6450471496582031,0.7185416531562805,2.2966874408721925,0.34489583373069765,1.0007112228646808,,,,
28,4553,0.0038719561831094323,0.9993,1.0038794618895803,0.0007166010598764894,73.84277176856995,0.000342713117133826,1.0,0.6447895455360413,0.7189583325386047,2.293371820449829,0.3413541662693024,1.0003427718499835,,,,
29,4710,0.0027039492452517154,0.99965,1.0027076082131567,0.0006985970848015831,76.50349378585815,0.0002608000475447625,1.0,0.6452385067939759,0.7176041603088379,2.300306825637817,0.3376041638851166,1.0002608340588337,,,,
30,4867,0.002600103238131851,0.99945,1.002603486438144,0.0006802819530508153,79.17097091674805,0.00026832807692699133,1.0,0.6494290351867675,0.717395830154419,2.2839981269836427,0.33729167103767393,1.0002683640801255,1.6482438296079636,0.2384910974651575,0.11999999731779099,0.20025128917768598
31,5024,0.0016907991683576256,0.9999,1.0016922293752222,0.0006616843602896801,81.6659426689148,0.00023038297658786177,1.0,0.6469960927963256,0.7180208325386047,2.294185953140259,0.3414583384990692,1.000230409516784,,,,
32,5181,0.0019590054434956983,0.9997,1.0019609255482866,0.0006428334447361342,84.13112592697144,0.00022433295263908802,1.0,0.6451750421524047,0.7172916793823242,2.2866159152984618,0.3409374964237213,1.0002243581171577,,,,
33,5338,0.0021481960084289314,0.99975,1.0021505050345918,0.000623758741507606,86.61819124221802,0.00024690241436474024,1.0,0.6470265460014343,0.7190625023841858,2.2801970291137694,0.3439583361148834,1.0002469328972745,,,,
34,5495,0.0021366593124577775,0.99965,1.0021389435955885,0.0006044901363461531,89.12008881568909,0.001538926276843995,0.99875,0.6510860419273377,0.7211458277702332,2.2886513233184815,0.34260416388511655,1.001540111031559,,,,
35,5652,0.0016226501429453491,0.99985,1.0016239673520486,0.0005850578187942676,91.6053376197815,0.00021104251907672734,1.0,0.6511191964149475,0.7186458277702331,2.2960809326171874,0.3409375047683716,1.000211064790116,1.6572941988706589,0.23428792040795088,0.11999999731779099,0.19840026320889592
36,5809,0.001304819563496858,0.9999,1.0013056712109187,0.0005654922348946986,94.11032748222351,0.0002039934863569215,1.0,0.6505319213867188,0.72125,2.2943002510070802,0.3392708361148834,1.000204014294443,,,,
37,5966,0.0014951956058852375,0.99995,1.0014963139681559,0.0005458240394883953,96.58257102966309,0.00021711199078708888,1.0,0.6510417866706848,0.7203125,2.2969384479522703,0.3402083349227905,1.0002171355613012,,,,
38,6123,0.0012783431098796426,0.99995,1.001279160538714,0.0005260840481853093,99.18270444869995,0.00019739456358365713,1.0,0.6495744681358337,0.7183333301544189,2.295780591964722,0.3415624988079071,1.0001974140471726,,,,
39,6280,0.0012471642996184527,0.99995,1.001247942332425,0.0005063031890833104,101.71625351905823,0.0001829698320943862,1.0,0.6495019435882569,0.7196875071525574,2.2890850925445556,0.33958333134651186,1.000182986572095,,,,
40,6437,0.00121223511940334,0.99995,1.0012129701733852,0.0004865124543108581,104.36506342887878,0.00017250824254006148,1.0,0.6536202430725098,0.7196875023841858,2.2959927463531495,0.3428125011920929,1.0001725231229426,1.669092983007431,0.23031194508075714,0.11999999731779099,0.1976688909344375
41,6594,0.0017860849230550229,0.9998,1.0017876809227868,0.00046674285146935224,106.91390657424927,0.0001990921632386744,1.0,0.6535703277587891,0.7188541769981385,2.2929249382019044,0.3424999964237213,1.0001991119833988,,,,
42,6751,0.0019248423063196241,0.9998,1.0019266960044397,0.00044702535505123997,109.40408444404602,0.0001826572057325393,1.0,0.6516651320457458,0.7177083230018616,2.300111427307129,0.344375,1.0001826738885757,,,,
43,6908,0.0011672923365607859,0.99995,1.0011679738874242,0.0004273908579099986,111.8740406036377,0.00021409541368484498,1.0,0.6526219296455383,0.7203125,2.3049518489837646,0.3425000059604645,1.0002141183337436,,,,
44,7065,0.0012984427133575082,0.9999,1.0012992860550682,0.00040787012285802693,114.3625214099884,0.00015559156250674277,1.0,0.6538430070877075,0.7184374904632569,2.3030415630340575,0.34374999642372134,1.0001556036675017,,,,
45,7222,0.0009583233534824103,1.0,1.0009587826920272,0.0003884937344682817,116.86054372787476,0.00016108479641843587,1.0,0.6553609681129455,0.7201041603088378,2.3019642543792727,0.34197917342185974,1.000161097771271,1.6799275130033493,0.23129628971219063,0.11999999731779099,0.1976751103065908
46,7379,0.0009241961726220325,1.0,1.0009246233735005,0.0003692920511551759,119.35129308700562,0.00018552190740592778,1.0,0.6540312623977661,0.7189583301544189,2.303639440536499,0.33989583134651186,1.0001855391176593,,,,
47,7536,0.0009360411737114191,1.0,1.000936479396972,0.0003502951576098144,121.85329413414001,0.00016010452876798808,1.0,0.65292644739151,0.7194791674613953,2.3002438831329344,0.34218750476837156,1.000160117346182,,,,
48,7693,0.0009039700586814433,1.0,1.0009043787627578,0.00033153281766409425,124.40176343917847,0.00015337314107455313,1.0,0.6551459312438965,0.7203125095367432,2.2956470489501952,0.34447916626930236,1.0001533849033362,,,,
49,7850,0.0009448028470389545,1.0,1.0009452493138455,0.0003130344276575175,126.88671207427979,0.00015653722104616463,1.0,0.6549955368041992,0.7197916674613952,2.300817928314209,0.3450000011920929,1.0001565494736362,,,,
50,8007,0.0008550125522771851,1.0,1.0008553781797074,0.00029482897037978083,129.47230339050293,0.0001595663547050208,1.0,0.6589250922203064,0.7206250071525574,2.3049066638946534,0.3458333361148834,1.0001595790860929,1.688056081533432,0.2293579913675785,0.11999999731779099,0.19716344587504864
51,8164,0.0008293938966002316,1.0,1.0008297379388271,0.00027694496966130605,131.99176049232483,0.0001365618227282539,1.0,0.6566467094421387,0.7190624976158142,2.304531888961792,0.3473958349227905,1.0001365711477184,,,,
52,8321,0.0007855771677568555,1.0,1.0007858858143168,0.0002594104456828533,134.48436832427979,0.00017759740352630616,1.0,0.6581669282913208,0.7201041626930237,2.3090900230407714,0.34364583134651183,1.0001776131748787,,,,
53,8478,0.0008042070839088411,1.0,1.0008045305451299,0.0002422528710742422,137.11403250694275,0.00018342227558605374,1.0,0.6592798399925232,0.7186458325386047,2.3066666889190675,0.34864583492279055,1.0001834390984803,,,,
54,8635,0.0008479752478655428,1.0,1.0008483348805222,0.00022549912787095877,139.7000343799591,0.00021512614795938135,1.0,0.6599867510795593,0.7187500071525573,2.3048383522033693,0.3456250035762787,1.0002151492892486,,,,
55,8792,0.0007543930000509135,1.0,1.000754677626019,0.0002091754653960914,142.3765640258789,0.00016139080340508372,1.0,0.6579076790809631,0.7187499928474427,2.3023526763916013,0.3481249964237213,1.0001614038276014,1.6903264671564102,0.22847183607518673,0.11999999731779099,0.1958851139061153
56,8949,0.000730997558159288,1.0,1.0007312648019886,0.00019330745913358373,145.06518030166626,0.00013731396582443268,1.0,0.6587452054023742,0.7210416674613953,2.305146493911743,0.3479166615009308,1.0001373233938187,,,,
57,9106,0.0007169651626143604,1.0,1.0007172222435723,0.0001779199706572401,147.73234701156616,0.00016502735379617662,1.0,0.6602086520195007,0.719583330154419,2.319704465866089,0.3459375,1.000165040971559,,,,
58,9263,0.0007071863399818539,1.0,1.0007074364551976,0.00016303710867826825,150.4147698879242,0.000149899231037125,1.0,0.6607318949699402,0.7179166579246521,2.3134689426422117,0.3443749964237213,1.0001499104664882,,,,
59,9420,0.0006752243085997179,1.0,1.0006754523238508,0.00014868219127238603,153.09767055511475,0.00013540201704017818,1.0,0.6603843855857849,0.7204166626930237,2.3117242527008055,0.34229166865348815,1.000135411184307,,,,
60,9577,0.0006823946934076957,1.0,1.0006826275776364,0.00013487770934567428,155.76703643798828,0.0001552138407714665,1.0,0.6622510313987732,0.7191666722297668,2.317334146499634,0.3465625,1.000155225887063,1.6944631487131119,0.22776136919856071,0.11999999731779099,0.19570599123835564
61,9734,0.0006806357963941991,1.0,1.0006808674814993,0.00012164529139641945,158.45629715919495,0.00015317179553676397,1.0,0.6637519955635071,0.7184375,2.319857130050659,0.3452083349227905,1.0001531835269353,,,,
62,9891,0.0006542132321512327,1.0,1.000654427276302,0.00010900566962815234,161.14096021652222,0.0001387779141077772,1.0,0.6632279396057129,0.7179166603088379,2.3126598167419434,0.3468750011920929,1.000138787544208,,,,
63,10048,0.0006272122515016235,1.0,1.000627408990236,9.697864746697804e-05,163.81051659584045,0.0001450786564964801,1.0,0.6624698185920715,0.7182291626930237,2.311144323348999,0.34541667103767393,1.0001450891809136,,,,
64,10205,0.0006469514508731663,1.0,1.0006471607691,8.558306853409014e-05,166.49341893196106,0.0001737931522075087,1.0,0.6619847273826599,0.7185416674613953,2.312379159927368,0.3439583361148834,1.0001738082551124,,,,
65,10362,0.0006328128020162694,1.0,1.0006330130702794,7.483678712208236e-05,169.17805290222168,0.00015877518395427615,1.0,0.6638086080551148,0.7189583301544189,2.3159836101531983,0.3485416638851166,1.000158787789401,1.6994568705558777,0.22655077371746302,0.11999999731779099,0.1950853276066482
66,10519,0.0006022703838418238,1.0,1.0006024517850651,6.475664022131322e-05,171.85231709480286,0.00014363923866767437,1.0,0.6636201167106628,0.7191666626930237,2.314811668395996,0.34510416626930235,1.0001436495552771,,,,
67,10676,0.0006173027696087957,1.0,1.0006174933401748,5.535842114015349e-05,174.53393006324768,0.00015125253063160926,1.0,0.6633661293983459,0.7191666674613952,2.3141895294189454,0.34760416150093076,1.0001512639698724,,,,
68,10833,0.0006044093837845139,1.0,1.0006045920759412,4.665685476044751e-05,177.2194526195526,0.0001505498797632754,1.0,0.6641471838951111,0.7175000071525574,2.3170090389251707,0.3444791650772095,1.000150561212965,,,,
69,10990,0.000602424091193825,1.0,1.0006026055850303,3.866557446695623e-05,179.88677406311035,0.00014323631476145237,1.0,0.664244179725647,0.718645830154419,2.3166322898864746,0.3453125011920929,1.0001432465735722,,,,
70,11147,0.0005835054579889402,1.0,1.0005836757304154,3.1397100786929425e-05,182.5692892074585,0.0001448228646768257,1.0,0.6640823054313659,0.7186458373069763,2.3193345355987547,0.3439583337306976,1.0001448333520142,1.6998820900917053,0.22672495897859335,0.11999999731779099,0.19525626627728343
71,11304,0.0005825149775948376,1.0,1.0005826846723926,2.486282177327409e-05,185.2584788799286,0.00014806673571001738,1.0,0.6643183970451355,0.7183333277702332,2.3182578563690184,0.3459374940395355,1.0001480776981302,,,,
72,11461,0.0005721248872112483,1.0,1.000572288581871,1.9072975162052863e-05,187.92515921592712,0.00014767937071155757,1.0,0.6646669793128968,0.7186458396911621,2.321101551055908,0.34385416984558104,1.0001476902758466,,,,
73,11618,0.0005755222325678915,1.0,1.0005756878772638,1.4036632332269705e-05,190.49670720100403,0.00014590023376513273,1.0,0.6649777555465698,0.7187500023841857,2.320341958999634,0.3440625011920929,1.000145910877722,,,,
74,11775,0.0005684230275684967,1.0,1.000568584610552,9.761684093072043e-06,193.1704068183899,0.00014602216891944407,1.0,0.6649901461601258,0.7186458325386047,2.3193947887420654,0.34604166507720946,1.0001460328306753,,,,
75,11932,0.0005632136296480894,1.0,1.0005633722642246,6.254828320639228e-06,195.7907519340515,0.00014577647030819207,1.0,0.664914915561676,0.7190625023841858,2.3196800994873046,0.3460416638851166,1.0001457870962143,1.7009224891662598,0.22664093598723412,0.11999999731779099,0.1950398851186037
76,12089,0.0005614067021291703,1.0,1.0005615643203665,3.5215594641268e-06,198.31083726882935,0.0001466460997471586,1.0,0.6650094175338745,0.7189583325386047,2.319773836135864,0.34541666865348813,1.0001466568528121,,,,
77,12246,0.0005602072930661962,1.0,1.0005603642384777,1.5661599371084024e-06,200.8157708644867,0.0001460352836875245,1.0,0.6649876260757446,0.7192708420753479,2.320205774307251,0.34552083611488343,1.0001460459473586,,,,
78,12403,0.0005586521450197324,1.0,1.000558808220192,3.9169340800299104e-07,203.31042075157166,0.00014610862359404564,1.0,0.6649607849121094,0.7188541626930237,2.3198689937591555,0.34625000119209287,1.0001461192979788,,,,
79,12560,0.0005586342327180318,1.0,1.0005587902978808,0.0,205.81707453727722,0.00014605367730837314,1.0,0.6649837017059326,0.7188541626930237,2.319980640411377,0.34625000119209287,1.000146064343666,1.7005594968795776,0.2265702774748206,0.11999999731779099,0.19501618295907974
