epoch,step,train_loss,train_acc,train_ppl,lr,elapsed_sec,val_loss,val_acc,val_ppl,attn_entropy_mean,induction_score_mean,induction_score_baseline,prev_token_score_mean
0,157,1.7377295663833618,0.2511,5.684422656061461,0.0009999670590970181,2.0434253215789795,1.6067372751235962,0.23375,4.986515030649145,2.1650886237621307,0.1864123847335577,0.11999999731779099,0.11778224352747202
1,314,1.500578345298767,0.30085,4.484281783811987,0.0009995357510975342,4.106368780136108,1.6049181461334228,0.24125,4.977452162359435,,,,
2,471,1.4293780086517334,0.3246,4.176100885324741,0.000998605121616968,6.155181169509888,1.5222443199157716,0.24625,4.5824982549112345,,,,
3,628,1.3771008876800537,0.35645,3.9633946293155473,0.000997176100885618,8.201843976974487,1.5661166286468506,0.26125,4.7880183905093,,,,
4,785,1.335673245239258,0.3847,3.802555136984163,0.0009952501173112532,10.28987741470337,1.548168315887451,0.25875,4.70284815633542,,,,
5,942,1.2925980865478515,0.41765,3.642237121011776,0.0009928290960513205,12.35603952407837,1.560024585723877,0.23125,4.758938245641232,1.8740299195051193,0.17759891599416733,0.11999999731779099,0.13166514039039612
6,1099,1.2184629566192626,0.46875,3.3819854782063774,0.0009899154570886105,14.437691450119019,1.4564529991149902,0.3475,4.29071334119164,,,,
7,1256,0.7066634071588517,0.71825,2.0272159674539285,0.0009865121128123148,16.499591827392578,0.17609588027000428,0.9475,1.1925523954149286,,,,
8,1413,0.07483888048306107,0.9772,1.0777104967008397,0.0009826224651068851,18.57424259185791,0.05879621207714081,0.9825,1.060559089582474,,,,
9,1570,0.030844732102379202,0.9914,1.0313253597338525,0.0009782504019516078,20.648768186569214,0.024277714230120182,0.995,1.0245748173906253,,,,
10,1727,0.010651296478882431,0.9972,1.0107082234731275,0.0009734002935342929,22.728368282318115,0.02528170947916806,0.99375,1.0256040022014579,1.3432294726371765,0.5429612584412098,0.11999999731779099,0.1993013508617878
11,1884,0.009116231879591942,0.9978,1.009157911278179,0.0009680769878829606,24.80733370780945,0.023576268665492534,0.995,1.023856385929076,,,,
12,2041,0.007843477099202573,0.9981,1.007874317745609,0.0009622858060198922,26.86634659767151,0.015442904853262007,0.995,1.0155627626980273,,,,
13,2198,0.0067072265980765225,0.9982,1.0067297704163773,0.0009560325366428915,28.939377307891846,0.014558778889477254,0.995,1.0146652740966227,,,,
14,2355,0.006344825145229697,0.9984,1.006364996186302,0.0009493234303390684,30.992053270339966,0.036598071362823247,0.985,1.0372760261031602,,,,
15,2512,0.007937460266053676,0.9979,1.0079690454171124,0.0009421651933369344,33.01510691642761,0.007121488898992539,0.99875,1.0071469070034862,1.392233207821846,0.5497562550008297,0.11999999731779099,0.18739204574376345
16,2669,0.0057259835578501225,0.9982,1.0057424083360746,0.0009345649808030494,35.04535436630249,0.02539428821299225,0.99375,1.0257194699009125,,,,
17,2826,0.007532492291554809,0.9979,1.0075609328762642,0.0009265303896899251,37.11885046958923,0.0186229751072824,0.99375,1.0187974641937747,,,,
18,2983,0.008471624644473196,0.9979,1.0085076104040336,0.0009180694511423308,39.200663805007935,0.0051999121089465914,0.99875,1.00521345511589,,,,
19,3140,0.004503118288703263,0.9989,1.0045132725621075,0.0009091906224695935,41.260265588760376,0.004842981421388686,0.99875,1.0048547276104491,,,,
20,3297,0.0010854562874883413,0.99985,1.0010860456083723,0.0008999027786919162,43.33163928985596,0.00041561483056284487,1.0,1.000415701210373,1.4689515978097916,0.5517858285456896,0.11999999731779099,0.1855394672602415
21,3454,0.0034151788434013722,0.99895,1.0034210172111322,0.0008902152036691648,45.40475368499756,0.002456417907960713,1.0,1.0024594373742808,,,,
22,3611,0.010667363391071558,0.9969,1.0107244625638585,0.0008801375808209902,47.4774272441864,0.028380457300227136,0.9925,1.0287870195055095,,,,
23,3768,0.006535830713808537,0.9984,1.0065572358634363,0.0008696799834475617,49.553351640701294,0.020747568926308305,0.995,1.020964295992692,,,,
24,3925,0.0033353548566810785,0.9992,1.0033409233419281,0.0008588528646605892,51.626728773117065,0.0028508744994178415,0.9975,1.0028549421066175,,,,
25,4082,0.003239951275335625,0.999,1.0032452055905114,0.0008476670469346934,53.699549198150635,0.004831072324886918,0.99875,1.0048427607697852,1.4999476820230484,0.5468229856342077,0.11999999731779099,0.18466083612293005
26,4239,0.007014382885117083,0.9983,1.0070390412895265,0.0008361337112895748,55.78173208236694,0.0059967717761173845,0.99625,1.0060147884078565,,,,
27,4396,0.007528386520314962,0.9977,1.007556796070056,0.0008242643861137891,57.85570192337036,0.0022631432465277613,0.99875,1.0022657060881994,,,,
28,4553,0.0035676275675650686,0.9989,1.0035739991256576,0.0008120709356413037,59.9324676990509,0.005929948824923485,0.99875,1.005947565776783,,,,
29,4710,0.0044538221957627685,0.99865,1.0044637552029796,0.0007995655480923536,62.01137590408325,0.0006047625385690481,1.0,1.0006049454443027,,,,
30,4867,0.001370331552438438,0.9997,1.0013712708857372,0.0007867607234904477,64.09032583236694,0.002168690635007806,0.99875,1.0021710439454363,1.5120041221380234,0.5574068678542972,0.11999999731779099,0.18787926901131868
31,5024,0.0003547472532140091,0.99995,1.000354810183462,0.0007736692611677084,66.16917824745178,0.0017616459005512298,0.99875,1.001763198510273,,,,
32,5181,0.0001529326310614124,1.0,1.0001529443258523,0.0007603042469710289,68.24281907081604,0.0009199235198320821,1.0,1.000920346779252,,,,
33,5338,0.00014931928957812488,1.0,1.000149330438258,0.0007466790401818393,70.31885242462158,0.0006585675792302936,1.0,1.000658784482471,,,,
34,5495,0.00015166168443392963,1.0,1.0001516731856486,0.0007328072601625557,72.39496064186096,0.0005237353511620313,1.0,1.0005238725244676,,,,
35,5652,0.00015268814107403158,1.0,1.0001526997985015,0.00071870277274306,74.46820640563965,0.00039275289338547737,1.0,1.0003928300309015,1.6396894305944443,0.5487530780956149,0.11999999731779099,0.18165085650980473
36,5809,0.00015131018734537065,1.0,1.000151321635309,0.0007043796763608164,76.54574799537659,0.0003212077508214861,1.0,1.0003212593435549,,,,
37,5966,0.00014909416218288242,1.0,1.00014910527727,0.0006898522879684827,78.63257145881653,0.00025864029710646717,1.0,1.000258673747392,,,,
38,6123,0.00014470286162104458,1.0,1.000144713331585,0.0006751351287230983,80.71087503433228,0.00022871825785841793,1.0,1.0002287444158733,,,,
39,6280,0.00013986861479934305,1.0,1.00013987839687,0.0006602429094711549,82.78001499176025,0.00020263804763089865,1.0,1.000202658580107,,,,
40,6437,0.00013376081923488527,1.0,1.000133769765612,0.0006451905160440615,84.85679197311401,0.00018370743026025594,1.0,1.0001837243055036,1.740316092967987,0.5377222383394837,0.11999999731779099,0.1767656123265624
41,6594,0.00012613840573467313,1.0,1.0001261463615179,0.0006299929943786968,86.93291187286377,0.0001742832036688924,1.0,1.0001742983918687,,,,
42,6751,0.00012025712532922626,1.0,1.0001202643565072,0.0006146655354779275,89.00410175323486,0.00016281463787890972,1.0,1.0001628278929013,,,,
43,6908,0.0001114234687294811,1.0,1.0001114296765548,0.00059922346022612,91.08733487129211,0.0001552556734532118,1.0,1.000155267726239,,,,
44,7065,0.00010623846388189121,1.0,1.0001062441073874,0.0005836822040748286,93.16305255889893,0.00014205386745743453,1.0,1.0001420639575858,,,,
45,7222,9.758107927627862e-05,1.0,1.0000975858404646,0.0005680573016139648,95.23214221000671,0.00014350659737829118,1.0,1.0001435168949426,1.8082425892353058,0.5278271213173866,0.11999999731779099,0.17450374364852905
46,7379,9.021999483229593e-05,1.0,1.0000902240647784,0.0005523643710438701,97.30882000923157,0.00013259610335808247,1.0,1.00013260489461,,,,
47,7536,8.466478957561777e-05,1.0,1.00008466837374,0.0005366190985638159,99.38199543952942,0.00013019406993407755,1.0,1.0001302025455499,,,,
48,7693,7.777897409396246e-05,1.0,1.0000777819989568,0.0005208372226925316,101.45624136924744,0.0001311677254852839,1.0,1.0001311763283476,,,,
49,7850,7.120631402358412e-05,1.0,1.0000712088492534,0.0005050345185364378,103.53211379051208,0.000131008587195538,1.0,1.0001310171691953,,,,
50,8007,6.645506602944806e-05,1.0,1.0000664572742162,0.0004892267820213054,105.60554218292236,0.0001364079743507318,1.0,1.0001364172783416,1.8543116301298141,0.5194943621754646,0.11999999731779099,0.17407027259469032
51,8164,6.093297651968896e-05,1.0,1.0000609348329712,0.0004734298141031057,107.68381953239441,0.0001437693479238078,1.0,1.0001437796832318,,,,
52,8321,5.628706986317411e-05,1.0,1.00005628865401,0.0004576594049738327,109.75750541687012,0.00013725178607273847,1.0,1.0001372612055301,,,,
53,8478,5.1832534064305944e-05,1.0,1.0000518338773934,0.000441931318278083,111.83052158355713,0.000134798836952541,1.0,1.000134807922724,,,,
54,8635,4.787109877215698e-05,1.0,1.0000478722446116,0.00042626127535617356,113.90007638931274,0.00013549100825912318,1.0,1.0001355001875802,,,,
55,8792,4.41319344798103e-05,1.0,1.0000441329083078,0.00041066493952954486,115.97035264968872,0.00010945804824586957,1.0,1.0001094640389967,1.8885392546653748,0.5118401795625687,0.11999999731779099,0.17393646854907274
56,8949,4.0505128796212376e-05,1.0,1.00004050594914,0.00039515790044415764,118.05084252357483,0.0001237913731893059,1.0,1.0001237990356575,,,,
57,9106,3.725647311948705e-05,1.0,1.0000372571671505,0.0003797556584875347,120.12885355949402,0.00011862182902405038,1.0,1.0001186288648714,,,,
58,9263,3.428331034374423e-05,1.0,1.0000342838980232,0.00036447360929502056,122.20473980903625,0.00010684894834412262,1.0,1.0001068546568963,,,,
59,9420,3.196095547755249e-05,1.0,1.0000319614662343,0.00034932702836075214,124.28481364250183,0.00010968656963086687,1.0,1.0001096925854227,,,,
60,9577,2.9360224556876346e-05,1.0,1.0000293606555726,0.00033433105576871446,126.35633420944214,9.740514418808743e-05,1.0,1.0000974098882232,1.9173002243041992,0.5040114605799317,0.11999999731779099,0.17346265260130167
61,9734,2.7252818510169164e-05,1.0,1.0000272531898715,0.0003195006810591531,128.44398760795593,0.00010425477899843827,1.0,1.0001042602137167,,,,
62,9891,2.5486931318300775e-05,1.0,1.000025487256113,0.00030485072824546167,130.52199029922485,0.0001174256116792094,1.0,1.0001174325063362,,,,
63,10048,2.349739042692818e-05,1.0,1.0000234976664928,0.00029039584099652816,132.59672594070435,8.256911285570823e-05,1.0,1.0000825725217788,,,,
64,10205,2.1825207592337392e-05,1.0,1.000021825445764,0.0002761504679993464,134.66938877105713,7.953717955388129e-05,1.0,1.0000795403427192,,,,
65,10362,2.036324769142084e-05,1.0,1.0000203634550238,0.00026212884851652807,136.74521207809448,0.00010182877187617123,1.0,1.0001018339566015,1.9402713030576706,0.4968885378912091,0.11999999731779099,0.17292848229408264
66,10519,1.902735780167859e-05,1.0,1.000019027538823,0.00024834499815314576,138.82594418525696,8.453561938949861e-05,1.0,1.0000845391926256,,,,
67,10676,1.783740987011697e-05,1.0,1.0000178375689577,0.00023481269484714208,140.89271450042725,0.00010373309625720139,1.0,1.0001037384767208,,,,
68,10833,1.652060890919529e-05,1.0,1.0000165207453753,0.00022154546509729945,142.9595971107483,8.571213496907149e-05,1.0,1.0000857158083591,,,,
69,10990,1.540579157008324e-05,1.0,1.00001540591024,0.000208556570442545,145.02653980255127,8.092654861684423e-05,1.0,1.0000809298232582,,,,
70,11147,1.4439681748626753e-05,1.0,1.0000144397860014,0.00019585899420609894,147.0961775779724,0.00010000960559409577,1.0,1.0001000146067214,1.957657128572464,0.4910235144197941,0.11999999731779099,0.1724527943879366
71,11304,1.3500806865340564e-05,1.0,1.0000135008980016,0.00018346542851772112,149.30585169792175,8.15574255102547e-05,1.0,1.0000815607514075,,,,
72,11461,1.2610232444421854e-05,1.0,1.0000126103119538,0.0001713882616270247,151.50985145568848,8.176566610927694e-05,1.0,1.0000817690090125,,,,
73,11618,1.1780053313123062e-05,1.0,1.0000117801226982,0.0001596395655205411,153.60865306854248,0.00010819232098583597,1.0,1.000108198173986,,,,
74,11775,1.1063756365911103e-05,1.0,1.0000110638175694,0.00014823108385491124,155.6684148311615,8.599074019002728e-05,1.0,1.0000859944374998,,,,
75,11932,1.0380983723734972e-05,1.0,1.0000103810376064,0.00013717422021826569,157.7261300086975,8.096937071968568e-05,1.0,1.0000809726488276,1.9704450368881226,0.4863202190026641,0.11999999731779099,0.17206287197768688
76,12089,9.77182728020125e-06,1.0,1.0000097718750247,0.00012648002673152899,159.84698176383972,8.232801406848012e-05,1.0,1.0000823314031124,,,,
77,12246,9.135263264033711e-06,1.0,1.0000091353049907,0.00011615919300103872,161.90444135665894,6.263146718993084e-05,1.0,1.0000626334285811,,,,
78,12403,8.62538595829392e-06,1.0,1.000008625423157,0.0001062220354335246,164.06813979148865,7.210532818135107e-05,1.0,1.000072107927833,,,,
79,12560,8.143946066411445e-06,1.0,1.0000081439792283,9.667848692412645e-05,166.17827129364014,6.370081995555665e-05,1.0,1.000063702848896,,,,
80,12717,7.721446015057154e-06,1.0,1.0000077214758254,8.753808692776044e-05,168.23239302635193,6.253823987208307e-05,1.0,1.0000625401954286,1.979839339852333,0.4827084168791771,0.11999999731779099,0.17168480530381203
81,12874,7.327270004316233e-06,1.0,1.0000073272968488,7.880997192375506e-05,170.29198050498962,5.324957470293157e-05,1.0,1.0000532509924867,,,,
82,13031,6.9752390780195125e-06,1.0,1.000006975263405,7.050286628329172e-05,172.47520303726196,4.976157430064632e-05,1.0,1.0000497628124283,,,,
83,13188,6.666485340247164e-06,1.0,1.0000066665075613,6.262507354877494e-05,174.52746105194092,5.33884691685671e-05,1.0,1.0000533898943582,,,,
84,13345,6.390185918280622e-06,1.0,1.0000063902063356,5.5184468133852475e-05,176.57894849777222,4.663056595745729e-05,1.0,1.0000466316531793,,,,
85,13502,6.136774325568695e-06,1.0,1.0000061367931556,4.8188487452378246e-05,178.65054869651794,4.045248744660057e-05,1.0,1.0000404533056595,1.985409528017044,0.4804602023214102,0.11999999731779099,0.17143687885254622
86,13659,5.913373003568267e-06,1.0,1.0000059133904875,4.164412448419003e-05,180.82198977470398,4.4685717875836416e-05,1.0,1.0000446867162973,,,,
87,13816,5.716399661469041e-06,1.0,1.0000057164160001,3.555792078512787e-05,182.88517570495605,4.432130686836899e-05,1.0,1.000044322289072,,,,
88,13973,5.5418609830667266e-06,1.0,1.0000055418763392,2.9935959948285074e-05,184.94326305389404,4.379942836749251e-05,1.0,1.0000438003875765,,,,
89,14130,5.387599918321939e-06,1.0,1.0000053876144315,2.4783861523024087e-05,187.04863023757935,3.991728279288509e-05,1.0,1.0000399180794983,,,,
90,14287,5.255946527177003e-06,1.0,1.0000052559603396,2.0106775397837894e-05,189.11808395385742,3.96853927304619e-05,1.0,1.0000396861802061,1.9878737926483154,0.4794825967401266,0.11999999731779099,0.17136027198284864
91,14444,5.142460396018577e-06,1.0,1.0000051424736185,1.5909376652670282e-05,191.25249648094177,4.186025395028992e-05,1.0,1.000041861130103,,,,
92,14601,5.047087693674257e-06,1.0,1.0000050471004303,1.2195860885841348e-05,193.4683985710144,4.0726177539909257e-05,1.0,1.0000407270068619,,,,
93,14758,4.969238791090902e-06,1.0,1.0000049692511377,8.969940020248812e-06,195.64778447151184,4.0654976710357e-05,1.0,1.0000406558031352,,,,
94,14915,4.908275774505455e-06,1.0,1.0000049082878202,6.2348385930372505e-06,197.696444272995,3.952039005525876e-05,1.0,1.0000395211709963,,,,
95,15072,4.86223755942774e-06,1.0,1.0000048622493802,3.993290532444072e-06,199.87800574302673,3.974667339207372e-05,1.0,1.0000397474633016,1.9884263575077057,0.47926984541118145,0.11999999731779099,0.1713685179129243
96,15229,4.829443349444773e-06,1.0,1.0000048294550112,2.2475364250441054e-06,201.93992733955383,3.919797938578995e-05,1.0,1.0000391987476367,,,,
97,15386,4.809285268129315e-06,1.0,1.0000048092968328,9.993212761239546e-07,204.07340478897095,3.9187976690300274e-05,1.0,1.000039188744549,,,,
98,15543,4.799730714148609e-06,1.0,1.0000047997422328,2.4989276542519703e-07,206.13879585266113,3.898257749824552e-05,1.0,1.0000389833373289,,,,
99,15700,4.7967683916795065e-06,1.0,1.0000047967798962,0.0,208.29643297195435,3.900524145137752e-05,1.0,1.0000390060021658,1.9884549677371979,0.4792609503492713,0.11999999731779099,0.17137361504137516
