generation,test_loss,test_acc,test_ppl,best_val_loss,n_epochs_run,train_seconds,symbol_entropy,label_entropy,symbol_entropy_normalized,label_entropy_normalized,symbol_kl_vs_gen0,label_kl_vs_gen0,attn_entropy_mean,induction_score_mean,induction_score_baseline,prev_token_score_mean
0,3.095425130595686e-05,1.0,1.0000309547303938,2.3046123096719384e-05,100,198.4467647075653,4.158475399017334,2.079425573348999,0.9999019726368436,0.9999923208560969,0.0,0.0,1.8288259953260422,0.45218668691813946,0.11999999731779099,0.17510432191193104
1,1.0648653296811971e-05,1.0,1.000010648709994,1.223378367285477e-05,100,205.00131750106812,4.158106327056885,2.07939076423645,0.9998132295889984,0.9999755812114128,0.0012480944860726595,0.00010067119728773832,1.980532556772232,0.43851874582469463,0.11999999731779099,0.18462848849594593
2,0.0001086426720576128,1.0,1.0001086485738864,3.898257749824552e-05,100,208.35815858840942,4.158082008361816,2.0793957710266113,0.9998073821788691,0.999977988968525,0.0012352489866316319,3.1469971872866154e-05,1.9884549677371979,0.4792609503492713,0.11999999731779099,0.17137361504137516
3,2.8401786184986122e-05,1.0,1.0000284021895196,2.0038847360410727e-05,100,229.72039246559143,4.1579389572143555,2.079373836517334,0.9997729856486965,0.999967440699272,0.0013403021730482578,8.46213661134243e-05,1.808113470673561,0.5106309540569782,0.11999999731779099,0.18265750724822283
4,0.0003953088715206832,1.0,1.0003953870163693,3.745515507034725e-05,100,233.733051776886,4.158358573913574,2.0793819427490234,0.9998738821372026,0.9999713389726916,0.0009248715941794217,3.471318632364273e-05,1.8342341631650925,0.49311905074864626,0.11999999731779099,0.18536897283047438
5,0.0001263152394676581,1.0,1.0001263232175734,8.180587261449545e-05,94,225.19603657722473,4.158092975616455,2.0793709754943848,0.9998100192461823,0.9999660648380652,0.001115324441343546,0.00011506699956953526,1.7386461645364761,0.5243116980418563,0.11999999731779099,0.18476401455700397
6,2.039132436038926e-05,1.0,1.000020391532265,7.780539290251909e-05,100,222.18482184410095,4.157931804656982,2.0793676376342773,0.9997712658221879,0.999964459666657,0.001444665133021772,0.00012958375737071037,1.7018183916807175,0.5307268984615803,0.11999999731779099,0.18728140648454428
7,5.070743492979091e-05,1.0,1.0000507087205734,6.50288356700912e-05,100,244.769184589386,4.1582207679748535,2.079359769821167,0.9998407468131364,0.9999606760483382,0.0009116744622588158,9.10777598619461e-05,1.8745916038751602,0.5010316167026758,0.11999999731779099,0.1837052246555686
8,8.02885442681145e-06,1.0,1.0000080288866582,6.685875578114065e-06,100,243.76581072807312,4.15814208984375,2.079395294189453,0.9998218287215416,0.9999777596583238,0.0010532303713262081,8.578345295973122e-05,1.9837080985307693,0.47637036442756653,0.11999999731779099,0.1767524154856801
9,2.7108805261377712e-05,1.0,1.0000271091727084,2.0829308487009256e-05,100,232.3900363445282,4.1579132080078125,2.079416036605835,0.9997667942732654,0.9999877346520738,0.001296409871429205,4.7885929234325886e-05,1.8120722621679306,0.5022109700366855,0.11999999731779099,0.20106528047472239
