generation,test_loss,test_acc,test_ppl,best_val_loss,n_epochs_run,train_seconds,test_aux_label_acc,test_aux_symbol_acc,symbol_entropy,label_entropy,symbol_entropy_normalized,label_entropy_normalized,symbol_kl_vs_gen0,label_kl_vs_gen0,attn_entropy_mean,induction_score_mean,induction_score_baseline,prev_token_score_mean
0,0.01964359886944294,0.99375,1.0198378039019655,0.020447871182113886,80,164.9424114227295,0.7104166626930237,0.35760417103767395,4.158475399017334,2.079425573348999,0.9999019726368436,0.9999923208560969,0.0,0.0,1.4028983637690544,0.1932579013518989,0.11999999731779099,0.16999720130115747
1,0.004255012879148126,0.99875,1.0042640782997156,0.002962632223498076,80,171.6231598854065,0.7102083373069763,0.2550000011920929,4.157769203186035,2.079024076461792,0.9997321684328917,0.9997992416667282,0.000871412456035614,0.00041680969297885895,1.4036302119493484,0.250924626365304,0.11999999731779099,0.18561884760856628
2,0.012505683242343366,0.99625,1.0125842062857189,0.005280587114393711,70,136.0894329547882,0.6989583206176758,0.2255208319425583,4.156161308288574,2.077791690826416,0.9993455514337521,0.9992065894518549,0.0020237923599779606,0.0016142148524522781,1.4806798249483109,0.23433671705424786,0.11999999731779099,0.1937077515758574
3,3.3825562381744385,0.32125,29.445945840941363,1.6013029670715333,35,67.84712839126587,0.26854166626930237,0.1629166656732559,4.155094623565674,2.075596809387207,0.9990890679737654,0.9981510745959596,0.0031633167527616024,0.0038270195946097374,1.858557865023613,0.14842689502984285,0.11999999731779099,0.14190583676099777
4,4.23155309677124,0.25,68.82403960493312,1.6948245906829833,32,61.79224681854248,0.18885416746139527,0.1604166680574417,4.148797035217285,2.069028854370117,0.9975748180604687,0.9949925558853139,0.010163042694330215,0.010290795937180519,1.917092576622963,0.13319876696914434,0.11999999731779099,0.1398841328918934
5,4.707110748291016,0.22375,110.73176533606599,1.7845706129074097,31,63.810927629470825,0.16406249940395357,0.15416666686534883,4.144778728485107,2.069129705429077,0.9966086195279213,0.9950410549928572,0.013591955415904522,0.009932761080563068,1.9678141623735428,0.1303903739899397,0.11999999731779099,0.1404099017381668
6,4.879555435180664,0.2375,131.57215852919595,1.8093984508514405,31,68.88688850402832,0.15802083194255828,0.15614583253860473,4.137047290802002,2.0628538131713867,0.994749601727195,0.9920229887804161,0.021775182336568832,0.016172925010323524,1.9682008773088455,0.13023357186466455,0.11999999731779099,0.1390054514631629
7,5.16462854385376,0.21125,174.97245190629906,1.823903956413269,31,68.49630618095398,0.15479166746139528,0.15156250238418578,4.133975028991699,2.0677592754364014,0.9940108789141889,0.9943820174747509,0.02537451684474945,0.011589204892516136,1.996450051665306,0.13102859631180763,0.11999999731779099,0.13657603226602077
8,5.4946058177948,0.21875,243.37557293035474,1.966034116744995,31,68.02358055114746,0.15302083432674407,0.13947916448116301,4.128364562988281,2.0674242973327637,0.992661847000821,0.9942209270584428,0.03142033517360687,0.011993289925158024,2.0129928290843964,0.1271707834675908,0.11999999731779099,0.13827042374759912
9,5.878357143402099,0.205,357.22189503060713,2.0239571857452394,31,70.87089514732361,0.1522916680574417,0.13791666567325592,4.1230998039245605,2.069082736968994,0.9913959400353702,0.9950184679380438,0.036547183990478516,0.010228356346487999,2.040796145796776,0.12676320131868124,0.11999999731779099,0.13810930773615837
